{"stats":{"minecraft:picked_up":{"minecraft:birch_log":9,"minecraft:crafting_table":1,"minecraft:black_carpet":19,"minecraft:clay_ball":4,"minecraft:leather":2,"minecraft:dirt":5,"minecraft:white_carpet":23,"minecraft:apple":1,"minecraft:wheat_seeds":1,"minecraft:dark_oak_sapling":1,"minecraft:torch":3,"minecraft:white_bed":1,"minecraft:dark_oak_log":11,"betteranimalsplus:eel_meat_raw":1,"minecraft:pink_tulip":1,"minecraft:stripped_dark_oak_wood":1,"minecraft:cobblestone":8},"minecraft:killed":{"medieval_craft:viking_1":1,"medieval_craft:viking_2":1,"alexsmobs:gorilla":1,"betteranimalsplus:eel_saltwater":1,"minecraft:skeleton_horse":1},"minecraft:used":{"medieval_craft:lance":6,"minecraft:water_bucket":1,"minecraft:birch_planks":1,"minecraft:red_stained_glass":1,"minecraft:armor_stand":17,"minecraft:spruce_slab":8,"minecraft:black_carpet":16,"minecraft:wooden_pickaxe":16,"minecraft:chest":1,"minecraft:spruce_planks":13,"minecraft:tinted_glass":2,"minecraft:stone":11,"minecraft:spruce_sign":5,"minecraft:beacon":6,"minecraft:orange_stained_glass":2,"minecraft:torch":7,"minecraft:diamond_block":69,"minecraft:dirt":6,"medieval_craft:viking_2_spawn_egg":1,"minecraft:white_carpet":18,"minecraft:crafting_table":1,"medieval_craft:viking_1_spawn_egg":1,"minecraft:white_bed":1,"minecraft:deepslate_brick_slab":33,"minecraft:skeleton_horse_spawn_egg":4,"minecraft:stone_brick_wall":16,"minecraft:spruce_fence":20,"minecraft:cyan_stained_glass":3,"minecraft:wooden_axe":18,"minecraft:glass":4,"minecraft:stone_brick_slab":7,"minecraft:dark_oak_planks":13,"minecraft:apple":1,"minecraft:stripped_dark_oak_wood":1,"minecraft:light_gray_stained_glass":1,"minecraft:birch_slab":18,"alexsmobs:spawn_egg_gorilla":1,"minecraft:yellow_stained_glass":1,"minecraft:lantern":27,"minecraft:grass_block":10,"minecraft:bread":9,"minecraft:dark_oak_leaves":2,"minecraft:dark_oak_slab":67,"minecraft:spruce_trapdoor":5,"tombstone:grave_key":1,"minecraft:deepslate":22,"betteranimalsplus:eel_meat_raw":1,"minecraft:chiseled_stone_bricks":6,"betteranimalsplus:piranha_spawn_egg":9,"minecraft:diamond_sword":11,"minecraft:cobblestone":1,"minecraft:cobbled_deepslate_slab":32,"minecraft:white_stained_glass":4,"minecraft:glass_pane":14,"tombstone:gift":1,"minecraft:pink_stained_glass":4},"minecraft:killed_by":{"minecraft:player":7,"minecraft:creeper":1,"minecraft:zombie":2},"minecraft:crafted":{"minecraft:crafting_table":1,"minecraft:birch_planks":32,"minecraft:stick":4,"minecraft:wooden_axe":1,"minecraft:dark_oak_planks":44},"minecraft:mined":{"minecraft:white_bed":3,"minecraft:dark_oak_leaves":10,"minecraft:dark_oak_log":11,"minecraft:jungle_leaves":1,"minecraft:clay":1,"minecraft:crafting_table":1,"minecraft:torch":1,"minecraft:grass_block":3,"minecraft:wall_torch":2,"minecraft:birch_log":8,"minecraft:white_carpet":29,"minecraft:birch_leaves":2,"minecraft:black_carpet":28,"minecraft:stripped_dark_oak_wood":1,"minecraft:grass":2,"minecraft:dirt":2,"minecraft:stone":10,"minecraft:fern":1},"minecraft:custom":{"minecraft:mob_kills":5,"minecraft:interact_with_crafting_table":1,"minecraft:leave_game":5,"minecraft:time_since_death":3335,"minecraft:sleep_in_bed":2,"minecraft:climb_one_cm":4438,"minecraft:time_since_rest":3362,"minecraft:sprint_one_cm":142819,"minecraft:damage_taken":4064,"minecraft:walk_one_cm":223254,"minecraft:drop":6,"minecraft:damage_dealt":1207,"minecraft:interact_with_beacon":8,"minecraft:swim_one_cm":8881,"minecraft:fly_one_cm":288748,"minecraft:open_chest":4,"minecraft:crouch_one_cm":561,"minecraft:play_time":91720,"tombstone:undead_killed":1,"minecraft:deaths":10,"minecraft:sneak_time":495,"minecraft:walk_under_water_one_cm":5798,"minecraft:jump":908,"minecraft:walk_on_water_one_cm":7022,"minecraft:total_world_time":91720,"minecraft:fall_one_cm":10892},"minecraft:dropped":{"minecraft:wheat_seeds":1,"minecraft:dark_oak_sapling":1,"minecraft:white_carpet":1,"minecraft:dirt":1,"tombstone:grave_dust":1,"minecraft:birch_log":1}},"DataVersion":2975}