{"stats":{"minecraft:dropped":{"minecraft:enchanted_book":1,"minecraft:allium":2,"minecraft:apple":1},"minecraft:custom":{"minecraft:time_since_rest":1134,"minecraft:sprint_one_cm":211353,"minecraft:damage_taken":316,"minecraft:walk_one_cm":311383,"minecraft:drop":4,"minecraft:damage_dealt":1527,"minecraft:interact_with_beacon":2,"minecraft:player_kills":6,"minecraft:swim_one_cm":379,"minecraft:fly_one_cm":395806,"minecraft:open_chest":2,"minecraft:crouch_one_cm":3563,"minecraft:play_time":138420,"minecraft:deaths":3,"minecraft:sneak_time":2823,"minecraft:walk_under_water_one_cm":3213,"minecraft:jump":523,"minecraft:leave_game":2,"minecraft:walk_on_water_one_cm":2509,"minecraft:time_since_death":1109,"minecraft:total_world_time":138420,"minecraft:fall_one_cm":209},"minecraft:mined":{"minecraft:grass":2,"minecraft:allium":3},"minecraft:used":{"minecraft:deepslate_brick_wall":26,"minecraft:dark_oak_planks":38,"minecraft:water_bucket":18,"minecraft:red_sand":1,"minecraft:stripped_dark_oak_wood":12,"minecraft:birch_slab":112,"minecraft:birch_planks":53,"minecraft:lantern":35,"minecraft:grass_block":206,"minecraft:spruce_slab":46,"minecraft:black_carpet":45,"minecraft:spruce_planks":2,"minecraft:dark_oak_slab":166,"minecraft:spruce_trapdoor":28,"minecraft:deepslate":194,"minecraft:stripped_birch_wood":6,"minecraft:chiseled_stone_bricks":2,"minecraft:diamond_sword":39,"minecraft:diamond_block":1,"minecraft:white_carpet":44,"minecraft:cobbled_deepslate_slab":114,"tombstone:gift":3,"minecraft:deepslate_brick_slab":344,"alexsmobs:animal_dictionary":1,"minecraft:stone_brick_wall":13,"minecraft:spruce_fence":6,"minecraft:obsidian":13},"minecraft:killed_by":{"minecraft:zombie":1},"minecraft:picked_up":{"minecraft:dark_oak_sapling":32,"minecraft:stick":17,"minecraft:allium":24,"minecraft:black_carpet":14,"minecraft:white_bed":1,"alexsmobs:animal_dictionary":1,"minecraft:dirt":1,"minecraft:lantern":18,"tombstone:gift":1,"minecraft:white_carpet":15,"minecraft:bone":1,"minecraft:apple":4,"minecraft:wheat_seeds":6,"minecraft:white_tulip":9,"minecraft:pink_tulip":6,"minecraft:jungle_sapling":2}},"DataVersion":2975}