{"stats":{"minecraft:picked_up":{"minecraft:allium":2,"minecraft:crafting_table":1,"minecraft:black_carpet":1,"minecraft:leather":1,"minecraft:dirt":7,"minecraft:bone":3,"minecraft:wheat_seeds":1,"minecraft:comparator":4,"minecraft:beef":4,"minecraft:dark_oak_sapling":3,"minecraft:stick":2,"minecraft:raw_iron":1,"minecraft:torch":4,"tombstone:grave_dust":1,"minecraft:white_bed":1,"minecraft:grass_block":1,"minecraft:dark_oak_log":14,"minecraft:dark_oak_planks":1,"magistuarmory:rustedcrusader_boots":1,"minecraft:pink_tulip":5,"alexsmobs:flying_fish":1,"minecraft:cobblestone":28},"minecraft:killed":{"minecraft:spider":1,"minecraft:skeleton":1,"minecraft:skeleton_horse":1,"alexsmobs:flying_fish":1,"minecraft:cow":2},"minecraft:used":{"minecraft:birch_planks":2,"minecraft:stone_pickaxe":6,"minecraft:wooden_pickaxe":14,"minecraft:stone":21,"minecraft:redstone_block":8,"minecraft:torch":22,"magistuarmory:diamond_shortsword":1,"minecraft:dirt":62,"minecraft:comparator":7,"minecraft:crafting_table":2,"minecraft:magenta_bed":1,"minecraft:white_bed":14,"minecraft:light_blue_stained_glass":1,"alexsmobs:flying_fish":1,"minecraft:wooden_axe":17,"minecraft:dark_oak_planks":1,"minecraft:lever":5,"minecraft:command_block":41,"minecraft:grass_block":21,"minecraft:bread":2,"minecraft:stone_button":3,"minecraft:dark_oak_slab":16,"minecraft:wooden_sword":11,"minecraft:cobblestone":3,"minecraft:podzol":8,"tombstone:gift":9},"minecraft:killed_by":{"minecraft:skeleton":1,"minecraft:creeper":1,"minecraft:zombie":2},"minecraft:crafted":{"minecraft:wooden_sword":1,"minecraft:crafting_table":1,"minecraft:stick":8,"minecraft:stone_pickaxe":1,"minecraft:wooden_axe":1,"minecraft:dark_oak_planks":16},"minecraft:mined":{"minecraft:dark_oak_planks":1,"minecraft:dark_oak_leaves":2,"minecraft:dark_oak_log":14,"minecraft:crafting_table":1,"minecraft:grass_block":4,"minecraft:wall_torch":1,"minecraft:iron_ore":1,"minecraft:dirt":3,"minecraft:stone":19,"minecraft:fern":1},"minecraft:custom":{"minecraft:mob_kills":6,"minecraft:interact_with_crafting_table":3,"minecraft:leave_game":4,"minecraft:time_since_death":545,"minecraft:sleep_in_bed":12,"minecraft:climb_one_cm":2138,"minecraft:time_since_rest":568,"minecraft:sprint_one_cm":107948,"minecraft:damage_taken":1286,"minecraft:walk_one_cm":195797,"tombstone:sneak_grave":1,"minecraft:drop":1,"minecraft:damage_dealt":919,"minecraft:fly_one_cm":503494,"minecraft:player_kills":1,"minecraft:open_chest":3,"minecraft:crouch_one_cm":3614,"minecraft:play_time":162848,"tombstone:undead_killed":2,"minecraft:deaths":10,"minecraft:sneak_time":3310,"minecraft:walk_under_water_one_cm":10537,"minecraft:jump":743,"minecraft:walk_on_water_one_cm":12174,"minecraft:total_world_time":166501,"minecraft:fall_one_cm":4764},"minecraft:dropped":{"minecraft:grass_block":1}},"DataVersion":2975}